ave_std,ave_gmean
46.87307752138969,143.77188229193678
